SET FOREIGN_KEY_CHECKS=0;
DROP TABLE IF EXISTS `backups`;
CREATE TABLE `backups` (
  `id_backup` int(11) unsigned NOT NULL AUTO_INCREMENT,
  `file_name` varchar(255) DEFAULT NULL,
  `file_path` varchar(255) DEFAULT NULL,
  `created_at` datetime DEFAULT NULL,
  PRIMARY KEY (`id_backup`)
) ENGINE=InnoDB DEFAULT CHARSET=utf8 ROW_FORMAT=DYNAMIC;
DROP TABLE IF EXISTS `bank`;
CREATE TABLE `bank` (
  `id_bank` int(11) unsigned NOT NULL AUTO_INCREMENT,
  `faktur` varchar(255) DEFAULT NULL,
  `jenis` varchar(255) DEFAULT NULL,
  `tanggal` date DEFAULT NULL,
  `waktu` time DEFAULT NULL,
  `pemasukan` int(11) DEFAULT NULL,
  `pengeluaran` int(11) DEFAULT NULL,
  `keterangan` varchar(255) DEFAULT NULL,
  `id_penjualan` int(11) unsigned DEFAULT NULL,
  `noref_nokartu` varchar(255) DEFAULT NULL,
  `id_toko` int(11) DEFAULT NULL,
  `id_login` int(11) DEFAULT NULL,
  `id_bank_akun` int(11) DEFAULT NULL,
  `created_at` datetime DEFAULT NULL,
  `updated_at` datetime DEFAULT NULL,
  PRIMARY KEY (`id_bank`),
  KEY `id_login` (`id_login`),
  KEY `id_toko` (`id_toko`),
  KEY `id_bank_akun` (`id_bank_akun`),
  KEY `id_penjualan` (`id_penjualan`),
  CONSTRAINT `bank_ibfk_1` FOREIGN KEY (`id_login`) REFERENCES `login` (`id_login`),
  CONSTRAINT `bank_ibfk_2` FOREIGN KEY (`id_toko`) REFERENCES `toko` (`id_toko`),
  CONSTRAINT `bank_ibfk_3` FOREIGN KEY (`id_bank_akun`) REFERENCES `bank_akun` (`id_bank_akun`),
  CONSTRAINT `bank_ibfk_4` FOREIGN KEY (`id_penjualan`) REFERENCES `penjualan` (`id_penjualan`) ON DELETE CASCADE ON UPDATE CASCADE
) ENGINE=InnoDB AUTO_INCREMENT=2 DEFAULT CHARSET=utf8 ROW_FORMAT=DYNAMIC;
DROP TABLE IF EXISTS `bank_akun`;
CREATE TABLE `bank_akun` (
  `id_bank_akun` int(11) NOT NULL AUTO_INCREMENT,
  `nama_bank` varchar(255) DEFAULT NULL,
  `bank_nama` varchar(255) DEFAULT NULL,
  `no_rekening` varchar(255) DEFAULT NULL,
  `utama` int(11) NOT NULL DEFAULT 0,
  `created_at` datetime DEFAULT NULL,
  `updated_at` datetime DEFAULT NULL,
  PRIMARY KEY (`id_bank_akun`)
) ENGINE=InnoDB AUTO_INCREMENT=3 DEFAULT CHARSET=utf8;
INSERT INTO `bank_akun` (`id_bank_akun`,`nama_bank`,`bank_nama`,`no_rekening`,`utama`,`created_at`,`updated_at`) VALUES ('1','BANK 1, Purwokerto','John Doe','123456789','0',NULL,'2023-10-14 06:51:44'), 
('2','Shopeepay','Shopeepay','08123456789','1','2023-10-14 06:48:45','2023-10-14 06:51:44');
DROP TABLE IF EXISTS `barang`;
CREATE TABLE `barang` (
  `id_barang` int(11) unsigned NOT NULL AUTO_INCREMENT,
  `uuid_barang` char(36) NOT NULL DEFAULT '',
  `kode_barang` varchar(255) DEFAULT NULL,
  `barcode` varchar(255) DEFAULT NULL,
  `id_kategori` int(11) unsigned NOT NULL DEFAULT 0,
  `id_kontak` int(11) unsigned DEFAULT NULL,
  `sku` varchar(255) DEFAULT NULL,
  `nama_barang` varchar(255) NOT NULL DEFAULT '',
  `merk` varchar(255) NOT NULL,
  `harga_beli` int(11) NOT NULL DEFAULT 0,
  `diskon` int(11) NOT NULL DEFAULT 0,
  `diskon_persen` int(11) NOT NULL DEFAULT 0,
  `harga_jual` int(11) NOT NULL DEFAULT 0,
  `harga_member` int(11) NOT NULL DEFAULT 0,
  `harga_sales` int(11) NOT NULL DEFAULT 0,
  `range_harga` varchar(255) DEFAULT NULL,
  `satuan_barang` varchar(255) NOT NULL,
  `satuan_nilai` int(11) NOT NULL DEFAULT 0,
  `deskripsi` text DEFAULT NULL,
  `stok` int(11) NOT NULL DEFAULT 0,
  `stok_min` int(11) NOT NULL DEFAULT 0,
  `stok_gudang` int(11) NOT NULL DEFAULT 0,
  `expired` datetime DEFAULT NULL,
  `active` int(11) DEFAULT 0,
  `id_toko` int(11) DEFAULT NULL,
  `created_at` datetime DEFAULT NULL,
  `updated_at` datetime DEFAULT NULL,
  PRIMARY KEY (`id_barang`),
  KEY `id_kategori` (`id_kategori`),
  CONSTRAINT `barang_ibfk_1` FOREIGN KEY (`id_kategori`) REFERENCES `kategori` (`id_kategori`)
) ENGINE=InnoDB AUTO_INCREMENT=17 DEFAULT CHARSET=utf8;
INSERT INTO `barang` (`id_barang`,`uuid_barang`,`kode_barang`,`barcode`,`id_kategori`,`id_kontak`,`sku`,`nama_barang`,`merk`,`harga_beli`,`diskon`,`diskon_persen`,`harga_jual`,`harga_member`,`harga_sales`,`range_harga`,`satuan_barang`,`satuan_nilai`,`deskripsi`,`stok`,`stok_min`,`stok_gudang`,`expired`,`active`,`id_toko`,`created_at`,`updated_at`) VALUES ('1','JZumEdRGd7L4RvXLCR73QJ','BRG-00001','','5',NULL,NULL,'Bintang Lemon','Tidak ada merk','18833','0','0','40000','36000','0',NULL,'Botol','1','','2','0','0',NULL,'1','1','2023-12-15 01:52:55','2023-12-16 01:52:51'), 
('2','r2zX5JVeFziLEcfintKHuf','BRG-00002','','5',NULL,NULL,'Guiness smooth','Tidak ada merk','25687','0','0','40000','36000','0',NULL,'Botol','1','','12','0','0',NULL,'1','1','2023-12-15 01:57:21','2023-12-15 01:58:52'), 
('3','nSt7yVpywDGdnkMEUHKB3i','BRG-00003','','5',NULL,NULL,'Guiness Can','Tidak ada merk','25687','0','0','40000','36000','0',NULL,'Botol','1','','12','0','0',NULL,'1','1','2023-12-15 02:01:26','2023-12-15 02:02:24'), 
('4','UtNmsv5HZ3FfrZ2BdwrUx8','BRG-00004','','5',NULL,NULL,'Heinkenn Can','Tidak ada merk','23541','0','0','40000','36000','0',NULL,'Botol','1','','15','0','0',NULL,'1','1','2023-12-15 02:04:09','2023-12-16 01:47:09'), 
('5','WpvBXGs3BAXWVKZAGu8dJn','BRG-00005','','5',NULL,NULL,'Smirnoff Ice Green Apple','Tidak ada merk','22091','0','0','40000','36000','0',NULL,'Botol','1','','6','0','0',NULL,'1','1','2023-12-15 02:08:40','2023-12-16 01:47:09'), 
('6','UDh6Wcmm4ZPcZtd5fvasy3','BRG-00006','','5',NULL,NULL,'Smirnoff Rapshberry','Tidak ada merk','22091','0','0','40000','36000','0',NULL,'Botol','1','','11','0','0',NULL,'1','1','2023-12-15 02:13:38','2023-12-15 02:13:49'), 
('7','VztctncX5BNrb3cieMKCv6','BRG-00007','','5',NULL,NULL,'Smirnoff Ice Pink Lemonade','Tidak ada merk','22091','0','0','40000','36000','0',NULL,'Botol','1','','9','0','0',NULL,'1','1','2023-12-15 02:15:47','2023-12-16 01:49:14'), 
('8','kKiUrcFs3pxs6EftNxz4PQ','BRG-00008','','7',NULL,NULL,'Nasi Goreng','Tidak ada merk','10000','0','0','15000','13500','0',NULL,'pcs','1','','896','0','0',NULL,'1','1','2023-12-16 01:38:52','2023-12-16 02:17:07'), 
('9','qCrs9qhSaYwgfiDC2bDd9c','BRG-00009','','7',NULL,NULL,'kentang goreng','Tidak ada merk','15000','0','0','20000','18000','0',NULL,'pcs','1','','898','0','0',NULL,'1','1','2023-12-16 01:40:07','2023-12-16 01:49:35'), 
('10','JfEMw6e3zYAugmqo7u3jqf','BRG-00010','','7',NULL,NULL,'kopi','Tidak ada merk','15000','0','0','17000','15300','0',NULL,'buah','1','','999','0','0',NULL,'1','1','2023-12-16 01:40:38','2023-12-16 01:49:23'), 
('11','VwnYoUZwSFnnpaQ29GuWda','BRG-00011','','7',NULL,NULL,'tahu','Tidak ada merk','10000','0','0','15000','13500','0',NULL,'buah','1','','500','0','0',NULL,'1','1','2023-12-16 01:41:29','2023-12-16 01:41:29'), 
('12','2avgY7PMjNPZ6VwVQqwH8h','BRG-00012','','7',NULL,NULL,'Tempe','Tidak ada merk','5000','0','0','15000','13500','0',NULL,'pcs','1','','100','0','0',NULL,'1','1','2023-12-16 01:44:13','2023-12-16 01:44:13'), 
('13','DQKvkKArd8zGZaZ44PYaZ6','BRG-00013','','6',NULL,NULL,'Milku','Tidak ada merk','3000','0','0','6000','5400','0',NULL,'Botol','1','','99','0','0',NULL,'1','1','2023-12-16 01:45:01','2023-12-16 01:49:07'), 
('14','NeBsE9XkfLfCX3TZu8cTa8','BRG-00014','','6',NULL,NULL,'sprite','Tidak ada merk','3000','0','0','6000','5400','0',NULL,'Botol','1','','999','0','0',NULL,'1','1','2023-12-16 01:45:29','2023-12-16 01:49:35'), 
('15','afSKZED4BrVGhdqp6B97nD','BRG-00015','','6',NULL,NULL,'Fanta','Tidak ada merk','5000','0','0','7000','6300','0',NULL,'Botol','1','','99','0','0',NULL,'1','1','2023-12-16 01:46:04','2023-12-16 01:48:56'), 
('16','4eXu7is6cgEae66hos8u2V','BRG-00016','','6',NULL,NULL,'malboro','Tidak ada merk','28000','0','0','30000','27000','0',NULL,'bungkus','1','','98','0','0',NULL,'1','1','2023-12-16 01:46:41','2023-12-16 01:49:35');
DROP TABLE IF EXISTS `biaya`;
CREATE TABLE `biaya` (
  `id_biaya` int(11) unsigned NOT NULL AUTO_INCREMENT,
  `faktur` varchar(255) DEFAULT NULL,
  `tanggal` date DEFAULT NULL,
  `waktu` time DEFAULT NULL,
  `jenis` varchar(255) DEFAULT NULL,
  `nominal` int(11) NOT NULL DEFAULT 0,
  `keterangan` varchar(255) DEFAULT NULL,
  `id_toko` int(11) DEFAULT NULL,
  `id_login` int(11) DEFAULT NULL,
  `created_at` datetime DEFAULT NULL,
  `updated_at` datetime DEFAULT NULL,
  PRIMARY KEY (`id_biaya`),
  KEY `id_toko` (`id_toko`),
  KEY `id_login` (`id_login`),
  CONSTRAINT `biaya_ibfk_1` FOREIGN KEY (`id_toko`) REFERENCES `toko` (`id_toko`),
  CONSTRAINT `biaya_ibfk_2` FOREIGN KEY (`id_login`) REFERENCES `login` (`id_login`)
) ENGINE=InnoDB DEFAULT CHARSET=utf8;
DROP TABLE IF EXISTS `cashflow`;
CREATE TABLE `cashflow` (
  `id_cashflow` int(11) unsigned NOT NULL AUTO_INCREMENT,
  `faktur` varchar(255) DEFAULT NULL,
  `jenis` varchar(255) DEFAULT NULL,
  `kategori` varchar(255) DEFAULT NULL,
  `tanggal` date DEFAULT NULL,
  `waktu` time DEFAULT NULL,
  `pemasukan` int(11) NOT NULL DEFAULT 0,
  `pengeluaran` int(11) NOT NULL DEFAULT 0,
  `keterangan` varchar(255) DEFAULT NULL,
  `id_penjualan` int(11) unsigned DEFAULT NULL,
  `id_pembelian` int(11) unsigned DEFAULT NULL,
  `id_biaya` int(11) unsigned DEFAULT NULL,
  `id_toko` int(11) DEFAULT NULL,
  `id_login` int(11) DEFAULT NULL,
  `created_at` datetime DEFAULT NULL,
  `updated_at` datetime DEFAULT NULL,
  PRIMARY KEY (`id_cashflow`),
  KEY `id_penjualan` (`id_penjualan`),
  KEY `id_pembelian` (`id_pembelian`),
  KEY `id_biaya` (`id_biaya`),
  KEY `id_toko` (`id_toko`),
  KEY `id_login` (`id_login`),
  CONSTRAINT `cashflow_ibfk_1` FOREIGN KEY (`id_penjualan`) REFERENCES `penjualan` (`id_penjualan`) ON DELETE CASCADE ON UPDATE CASCADE,
  CONSTRAINT `cashflow_ibfk_2` FOREIGN KEY (`id_pembelian`) REFERENCES `pembelian` (`id_pembelian`) ON DELETE CASCADE ON UPDATE CASCADE,
  CONSTRAINT `cashflow_ibfk_3` FOREIGN KEY (`id_biaya`) REFERENCES `biaya` (`id_biaya`) ON DELETE CASCADE ON UPDATE CASCADE,
  CONSTRAINT `cashflow_ibfk_4` FOREIGN KEY (`id_toko`) REFERENCES `toko` (`id_toko`),
  CONSTRAINT `cashflow_ibfk_5` FOREIGN KEY (`id_login`) REFERENCES `login` (`id_login`)
) ENGINE=InnoDB AUTO_INCREMENT=9 DEFAULT CHARSET=utf8;
INSERT INTO `cashflow` (`id_cashflow`,`faktur`,`jenis`,`kategori`,`tanggal`,`waktu`,`pemasukan`,`pengeluaran`,`keterangan`,`id_penjualan`,`id_pembelian`,`id_biaya`,`id_toko`,`id_login`,`created_at`,`updated_at`) VALUES ('1','PJ/588161223-01','Pemasukan','Penjualan','2023-12-16','01:48:33','85000','0','Penjualan: PJ/588161223-01','2',NULL,NULL,'1','2','2023-12-16 01:48:33',NULL), 
('2','PJ/014161223-02','Pemasukan','Penjualan','2023-12-16','01:48:56','47000','0','Penjualan: PJ/014161223-02','3',NULL,NULL,'1','2','2023-12-16 01:48:56',NULL), 
('3','PJ/723161223-03','Pemasukan','Penjualan','2023-12-16','01:49:07','6000','0','Penjualan: PJ/723161223-03','4',NULL,NULL,'1','2','2023-12-16 01:49:07',NULL), 
('4','PJ/888161223-04','Pemasukan','Penjualan','2023-12-16','01:49:14','40000','0','Penjualan: PJ/888161223-04','5',NULL,NULL,'1','2','2023-12-16 01:49:14',NULL), 
('5','PJ/042161223-05','Pemasukan','Penjualan','2023-12-16','01:49:23','37000','0','Penjualan: PJ/042161223-05','6',NULL,NULL,'1','2','2023-12-16 01:49:23',NULL), 
('6','PJ/197161223-06','Pemasukan','Penjualan','2023-12-16','01:49:35','56000','0','Penjualan: PJ/197161223-06','7',NULL,NULL,'1','2','2023-12-16 01:49:35',NULL), 
('7','PJ/041161223-07','Pemasukan','Penjualan','2023-12-16','01:52:51','80000','0','Penjualan: PJ/041161223-07','8',NULL,NULL,'1','2','2023-12-16 01:52:51',NULL), 
('8','PJ/001161223-08','Pemasukan','Penjualan','2023-12-16','01:53:03','45000','0','Penjualan: PJ/001161223-08','9',NULL,NULL,'1','2','2023-12-16 01:53:03','2023-12-16 02:17:07');
DROP TABLE IF EXISTS `groups`;
CREATE TABLE `groups` (
  `id_group` int(11) NOT NULL AUTO_INCREMENT,
  `nama_group` varchar(255) NOT NULL,
  `permission` text NOT NULL,
  `created_at` datetime DEFAULT NULL,
  `updated_at` datetime DEFAULT NULL,
  PRIMARY KEY (`id_group`)
) ENGINE=InnoDB AUTO_INCREMENT=6 DEFAULT CHARSET=utf8 ROW_FORMAT=DYNAMIC;
INSERT INTO `groups` (`id_group`,`nama_group`,`permission`,`created_at`,`updated_at`) VALUES ('1','Administrator','a:84:{i:0;s:13:\"viewDashboard\";i:1;s:13:\"menuDashboard\";i:2;s:10:\"menuBarang\";i:3;s:10:\"viewBarang\";i:4;s:12:\"createBarang\";i:5;s:12:\"updateBarang\";i:6;s:12:\"deleteBarang\";i:7;s:9:\"viewExcel\";i:8;s:11:\"createExcel\";i:9;s:13:\"viewStokInOut\";i:10;s:15:\"createStokInOut\";i:11;s:15:\"updateStokInOut\";i:12;s:15:\"deleteStokInOut\";i:13;s:14:\"viewStokOpname\";i:14;s:16:\"createStokOpname\";i:15;s:16:\"updateStokOpname\";i:16;s:16:\"deleteStokOpname\";i:17;s:13:\"menuTransaksi\";i:18;s:13:\"viewPenjualan\";i:19;s:15:\"createPenjualan\";i:20;s:15:\"updatePenjualan\";i:21;s:15:\"deletePenjualan\";i:22;s:13:\"viewPembelian\";i:23;s:15:\"createPembelian\";i:24;s:15:\"updatePembelian\";i:25;s:15:\"deletePembelian\";i:26;s:10:\"viewHutang\";i:27;s:12:\"createHutang\";i:28;s:12:\"updateHutang\";i:29;s:12:\"deleteHutang\";i:30;s:11:\"viewPiutang\";i:31;s:13:\"createPiutang\";i:32;s:13:\"updatePiutang\";i:33;s:13:\"deletePiutang\";i:34;s:9:\"viewBiaya\";i:35;s:11:\"createBiaya\";i:36;s:11:\"updateBiaya\";i:37;s:11:\"deleteBiaya\";i:38;s:12:\"menuKeuangan\";i:39;s:12:\"viewCashflow\";i:40;s:14:\"createCashflow\";i:41;s:14:\"updateCashflow\";i:42;s:14:\"deleteCashflow\";i:43;s:8:\"viewBank\";i:44;s:10:\"createBank\";i:45;s:10:\"updateBank\";i:46;s:10:\"deleteBank\";i:47;s:9:\"viewPajak\";i:48;s:11:\"createPajak\";i:49;s:11:\"updatePajak\";i:50;s:11:\"deletePajak\";i:51;s:10:\"menuKontak\";i:52;s:10:\"viewKontak\";i:53;s:12:\"createKontak\";i:54;s:12:\"updateKontak\";i:55;s:12:\"deleteKontak\";i:56;s:8:\"menuUser\";i:57;s:8:\"viewUser\";i:58;s:10:\"createUser\";i:59;s:10:\"updateUser\";i:60;s:10:\"deleteUser\";i:61;s:9:\"viewGroup\";i:62;s:11:\"createGroup\";i:63;s:11:\"updateGroup\";i:64;s:11:\"deleteGroup\";i:65;s:11:\"menuSetting\";i:66;s:11:\"viewSetting\";i:67;s:13:\"updateSetting\";i:68;s:10:\"viewConfig\";i:69;s:12:\"updateConfig\";i:70;s:12:\"viewBankAkun\";i:71;s:14:\"createBankAkun\";i:72;s:14:\"updateBankAkun\";i:73;s:14:\"deleteBankAkun\";i:74;s:10:\"viewBackup\";i:75;s:12:\"createBackup\";i:76;s:12:\"deleteBackup\";i:77;s:11:\"viewLaporan\";i:78;s:11:\"menuLaporan\";i:79;s:19:\"viewLaporanLabaRugi\";i:80;s:13:\"viewStatistik\";i:81;s:13:\"menuStatistik\";i:82;s:11:\"updateShift\";i:83;s:11:\"deleteShift\";}',NULL,'2023-05-06 10:53:03'), 
('2','Manager','a:84:{i:0;s:13:\"viewDashboard\";i:1;s:13:\"menuDashboard\";i:2;s:10:\"menuBarang\";i:3;s:10:\"viewBarang\";i:4;s:12:\"createBarang\";i:5;s:12:\"updateBarang\";i:6;s:12:\"deleteBarang\";i:7;s:9:\"viewExcel\";i:8;s:11:\"createExcel\";i:9;s:13:\"viewStokInOut\";i:10;s:15:\"createStokInOut\";i:11;s:15:\"updateStokInOut\";i:12;s:15:\"deleteStokInOut\";i:13;s:14:\"viewStokOpname\";i:14;s:16:\"createStokOpname\";i:15;s:16:\"updateStokOpname\";i:16;s:16:\"deleteStokOpname\";i:17;s:13:\"menuTransaksi\";i:18;s:13:\"viewPenjualan\";i:19;s:15:\"createPenjualan\";i:20;s:15:\"updatePenjualan\";i:21;s:15:\"deletePenjualan\";i:22;s:13:\"viewPembelian\";i:23;s:15:\"createPembelian\";i:24;s:15:\"updatePembelian\";i:25;s:15:\"deletePembelian\";i:26;s:10:\"viewHutang\";i:27;s:12:\"createHutang\";i:28;s:12:\"updateHutang\";i:29;s:12:\"deleteHutang\";i:30;s:11:\"viewPiutang\";i:31;s:13:\"createPiutang\";i:32;s:13:\"updatePiutang\";i:33;s:13:\"deletePiutang\";i:34;s:9:\"viewBiaya\";i:35;s:11:\"createBiaya\";i:36;s:11:\"updateBiaya\";i:37;s:11:\"deleteBiaya\";i:38;s:12:\"menuKeuangan\";i:39;s:12:\"viewCashflow\";i:40;s:14:\"createCashflow\";i:41;s:14:\"updateCashflow\";i:42;s:14:\"deleteCashflow\";i:43;s:8:\"viewBank\";i:44;s:10:\"createBank\";i:45;s:10:\"updateBank\";i:46;s:10:\"deleteBank\";i:47;s:9:\"viewPajak\";i:48;s:11:\"createPajak\";i:49;s:11:\"updatePajak\";i:50;s:11:\"deletePajak\";i:51;s:10:\"menuKontak\";i:52;s:10:\"viewKontak\";i:53;s:12:\"createKontak\";i:54;s:12:\"updateKontak\";i:55;s:12:\"deleteKontak\";i:56;s:8:\"menuUser\";i:57;s:8:\"viewUser\";i:58;s:10:\"createUser\";i:59;s:10:\"updateUser\";i:60;s:10:\"deleteUser\";i:61;s:9:\"viewGroup\";i:62;s:11:\"createGroup\";i:63;s:11:\"updateGroup\";i:64;s:11:\"deleteGroup\";i:65;s:11:\"menuSetting\";i:66;s:11:\"viewSetting\";i:67;s:13:\"updateSetting\";i:68;s:10:\"viewConfig\";i:69;s:12:\"updateConfig\";i:70;s:12:\"viewBankAkun\";i:71;s:14:\"createBankAkun\";i:72;s:14:\"updateBankAkun\";i:73;s:14:\"deleteBankAkun\";i:74;s:10:\"viewBackup\";i:75;s:12:\"createBackup\";i:76;s:12:\"deleteBackup\";i:77;s:11:\"viewLaporan\";i:78;s:11:\"menuLaporan\";i:79;s:19:\"viewLaporanLabaRugi\";i:80;s:13:\"viewStatistik\";i:81;s:13:\"menuStatistik\";i:82;s:11:\"updateShift\";i:83;s:11:\"deleteShift\";}',NULL,'2023-05-06 10:56:57'), 
('3','Kasir','a:29:{i:0;s:13:\"viewDashboard\";i:1;s:13:\"menuDashboard\";i:2;s:13:\"menuTransaksi\";i:3;s:13:\"viewPenjualan\";i:4;s:15:\"createPenjualan\";i:5;s:15:\"updatePenjualan\";i:6;s:11:\"viewPiutang\";i:7;s:13:\"createPiutang\";i:8;s:13:\"updatePiutang\";i:9;s:9:\"viewBiaya\";i:10;s:11:\"createBiaya\";i:11;s:11:\"updateBiaya\";i:12;s:12:\"menuKeuangan\";i:13;s:12:\"viewCashflow\";i:14;s:14:\"createCashflow\";i:15;s:10:\"createBank\";i:16;s:9:\"viewPajak\";i:17;s:11:\"createPajak\";i:18;s:10:\"menuKontak\";i:19;s:10:\"viewKontak\";i:20;s:12:\"createKontak\";i:21;s:12:\"updateKontak\";i:22;s:10:\"viewConfig\";i:23;s:12:\"viewBankAkun\";i:24;s:11:\"viewLaporan\";i:25;s:11:\"menuLaporan\";i:26;s:13:\"viewStatistik\";i:27;s:13:\"menuStatistik\";i:28;s:11:\"updateShift\";}',NULL,'2023-05-06 20:22:32'), 
('4','Sales','a:8:{i:0;s:13:\"viewDashboard\";i:1;s:13:\"menuDashboard\";i:2;s:10:\"menuKontak\";i:3;s:10:\"viewKontak\";i:4;s:12:\"createKontak\";i:5;s:12:\"updateKontak\";i:6;s:12:\"deleteKontak\";i:7;s:11:\"updateShift\";}',NULL,'2023-05-06 20:22:40'), 
('5','Gudang','a:15:{i:0;s:13:\"viewDashboard\";i:1;s:13:\"menuDashboard\";i:2;s:10:\"menuBarang\";i:3;s:10:\"viewBarang\";i:4;s:12:\"createBarang\";i:5;s:12:\"updateBarang\";i:6;s:9:\"viewExcel\";i:7;s:11:\"createExcel\";i:8;s:13:\"viewStokInOut\";i:9;s:15:\"createStokInOut\";i:10;s:15:\"updateStokInOut\";i:11;s:14:\"viewStokOpname\";i:12;s:16:\"createStokOpname\";i:13;s:16:\"updateStokOpname\";i:14;s:11:\"updateShift\";}',NULL,'2023-05-06 20:22:49');
DROP TABLE IF EXISTS `hutang`;
CREATE TABLE `hutang` (
  `id_hutang` int(11) unsigned NOT NULL AUTO_INCREMENT,
  `id_pembelian` int(11) unsigned NOT NULL,
  `tanggal` date DEFAULT NULL,
  `jatuh_tempo` date DEFAULT NULL,
  `jumlah_hutang` int(11) DEFAULT NULL,
  `jumlah_bayar` int(11) DEFAULT NULL,
  `sisa_hutang` int(11) DEFAULT NULL,
  `status_hutang` int(11) NOT NULL DEFAULT 0,
  `id_login` int(11) NOT NULL DEFAULT 0,
  `id_toko` int(11) DEFAULT NULL,
  `created_at` datetime DEFAULT NULL,
  `updated_at` datetime DEFAULT NULL,
  PRIMARY KEY (`id_hutang`),
  KEY `id_pembelian` (`id_pembelian`),
  KEY `id_login` (`id_login`),
  KEY `id_toko` (`id_toko`),
  CONSTRAINT `hutang_ibfk_1` FOREIGN KEY (`id_pembelian`) REFERENCES `pembelian` (`id_pembelian`),
  CONSTRAINT `hutang_ibfk_2` FOREIGN KEY (`id_login`) REFERENCES `login` (`id_login`),
  CONSTRAINT `hutang_ibfk_3` FOREIGN KEY (`id_toko`) REFERENCES `toko` (`id_toko`)
) ENGINE=InnoDB DEFAULT CHARSET=utf8 ROW_FORMAT=DYNAMIC;
DROP TABLE IF EXISTS `hutang_bayar`;
CREATE TABLE `hutang_bayar` (
  `id_hutang_bayar` int(11) unsigned NOT NULL AUTO_INCREMENT,
  `id_hutang` int(11) unsigned NOT NULL,
  `nominal` int(11) DEFAULT NULL,
  `id_cashflow` int(11) unsigned NOT NULL DEFAULT 0,
  `id_login` int(11) NOT NULL DEFAULT 0,
  `created_at` datetime DEFAULT NULL,
  `updated_at` datetime DEFAULT NULL,
  PRIMARY KEY (`id_hutang_bayar`),
  KEY `id_hutang` (`id_hutang`),
  CONSTRAINT `hutang_bayar_ibfk_1` FOREIGN KEY (`id_hutang`) REFERENCES `hutang` (`id_hutang`) ON DELETE CASCADE ON UPDATE CASCADE
) ENGINE=InnoDB DEFAULT CHARSET=utf8 ROW_FORMAT=DYNAMIC;
DROP TABLE IF EXISTS `kategori`;
CREATE TABLE `kategori` (
  `id_kategori` int(11) unsigned NOT NULL AUTO_INCREMENT,
  `nama_kategori` varchar(255) NOT NULL,
  `created_at` datetime DEFAULT NULL,
  `updated_at` datetime DEFAULT NULL,
  PRIMARY KEY (`id_kategori`)
) ENGINE=InnoDB AUTO_INCREMENT=8 DEFAULT CHARSET=utf8 ROW_FORMAT=DYNAMIC;
INSERT INTO `kategori` (`id_kategori`,`nama_kategori`,`created_at`,`updated_at`) VALUES ('5','Alcohol','2023-12-15 01:50:35','2023-12-15 01:50:35'), 
('6','Warung','2023-12-16 01:38:00','2023-12-16 01:38:00'), 
('7','Cafe','2023-12-16 01:38:06','2023-12-16 01:38:06');
DROP TABLE IF EXISTS `keranjang`;
CREATE TABLE `keranjang` (
  `id_keranjang` varchar(20) NOT NULL DEFAULT '',
  `id_barang` int(11) unsigned NOT NULL DEFAULT 0,
  `id_kontak` int(11) unsigned NOT NULL DEFAULT 0,
  `harga_beli` int(11) NOT NULL DEFAULT 0,
  `harga_jual` int(11) NOT NULL DEFAULT 0,
  `diskon` int(11) NOT NULL DEFAULT 0,
  `diskon_persen` int(11) NOT NULL DEFAULT 0,
  `stok` int(11) DEFAULT NULL,
  `qty` int(11) NOT NULL DEFAULT 0,
  `satuan` varchar(255) DEFAULT NULL,
  `hpp` int(11) NOT NULL DEFAULT 0,
  `jumlah` int(11) NOT NULL DEFAULT 0,
  `ppn` int(11) NOT NULL DEFAULT 0,
  `total_laba` int(11) NOT NULL DEFAULT 0,
  `id_login` int(11) NOT NULL DEFAULT 0,
  `id_toko` int(11) DEFAULT NULL,
  `created_at` datetime DEFAULT NULL,
  `updated_at` datetime DEFAULT NULL,
  PRIMARY KEY (`id_keranjang`),
  KEY `id_kontak` (`id_kontak`),
  KEY `id_barang` (`id_barang`),
  CONSTRAINT `keranjang_ibfk_2` FOREIGN KEY (`id_kontak`) REFERENCES `kontak` (`id_kontak`) ON DELETE CASCADE ON UPDATE CASCADE,
  CONSTRAINT `keranjang_ibfk_3` FOREIGN KEY (`id_barang`) REFERENCES `barang` (`id_barang`) ON DELETE CASCADE ON UPDATE CASCADE
) ENGINE=InnoDB DEFAULT CHARSET=utf8 ROW_FORMAT=DYNAMIC;
DROP TABLE IF EXISTS `kontak`;
CREATE TABLE `kontak` (
  `id_kontak` int(11) unsigned NOT NULL AUTO_INCREMENT,
  `tipe` varchar(255) DEFAULT NULL,
  `grup` varchar(255) DEFAULT NULL,
  `nama` varchar(255) NOT NULL,
  `perusahaan` varchar(255) DEFAULT NULL,
  `alamat` text NOT NULL,
  `telepon` varchar(255) NOT NULL,
  `email` varchar(255) NOT NULL,
  `nikktp` varchar(16) DEFAULT NULL,
  `npwp` varchar(255) DEFAULT NULL,
  `created_at` datetime DEFAULT NULL,
  `updated_at` datetime DEFAULT NULL,
  PRIMARY KEY (`id_kontak`)
) ENGINE=InnoDB AUTO_INCREMENT=6 DEFAULT CHARSET=utf8 ROW_FORMAT=DYNAMIC;
INSERT INTO `kontak` (`id_kontak`,`tipe`,`grup`,`nama`,`perusahaan`,`alamat`,`telepon`,`email`,`nikktp`,`npwp`,`created_at`,`updated_at`) VALUES ('1','Pelanggan',NULL,'Umum',NULL,'Purwokerto','628123456789','member@gmail.com','12314121',NULL,NULL,'2022-06-21 12:59:50'), 
('2','Vendor',NULL,'Aksara','PT Aksara Karya Utama','Purwokerto','628123456789','aksaradelana@gmail.com','123456789',NULL,'2022-05-09 14:17:28','2022-06-14 11:02:54'), 
('3','Pelanggan',NULL,'Customer',NULL,'Purwokerto','62812345678','customer@gmail.com',NULL,NULL,'2022-06-14 16:30:12','2023-02-26 06:47:20'), 
('4','Pelanggan',NULL,'Aksara',NULL,'Purwokerto','6282133445566','Aksara@gmail.com',NULL,NULL,'2023-03-06 11:40:42','2023-03-06 11:40:42'), 
('5','Pelanggan',NULL,'Latisya',NULL,'pwt','62812345678','Latisya@gmail.com',NULL,NULL,'2023-03-06 13:16:52','2023-05-05 19:25:15');
DROP TABLE IF EXISTS `login`;
CREATE TABLE `login` (
  `id_login` int(11) NOT NULL AUTO_INCREMENT,
  `email` varchar(255) NOT NULL DEFAULT '',
  `nama` varchar(255) DEFAULT NULL,
  `username` varchar(255) NOT NULL,
  `password` varchar(255) NOT NULL DEFAULT '',
  `id_toko` int(11) NOT NULL DEFAULT 0,
  `token` varchar(255) DEFAULT NULL,
  `role` int(11) NOT NULL DEFAULT 0,
  `active` int(11) NOT NULL DEFAULT 0,
  `created_at` datetime DEFAULT NULL,
  `updated_at` datetime DEFAULT NULL,
  PRIMARY KEY (`id_login`)
) ENGINE=InnoDB AUTO_INCREMENT=6 DEFAULT CHARSET=utf8 ROW_FORMAT=DYNAMIC;
INSERT INTO `login` (`id_login`,`email`,`nama`,`username`,`password`,`id_toko`,`token`,`role`,`active`,`created_at`,`updated_at`) VALUES ('1','admin@gmail.com','Administrator','admin','$2y$10$INo6IRmOXz4YqFhdxnzRjuqgKGaOuOlhBpxClF5V8xd1KPnmhq.9G','1',NULL,'1','1',NULL,'2022-05-23 08:26:38'), 
('2','kasir@gmail.com','Kasir','kasir','$2y$10$iTLV.WtmYghGjOSnIHJr8eTF0xFzCJTHOemBLK0tCvlpkeBgOWHk2','1',NULL,'2','1','2022-05-11 09:38:59','2022-05-26 18:25:53'), 
('3','manager@gmail.com','Manager','manager','$2y$10$dKFJw/2EF/ki.lT5dBz6auWJnVqtBeYHbWPUpNaXq28mTAzR328Hq','1',NULL,'3','1','2023-02-25 14:31:06','2023-02-25 14:31:06'), 
('4','sales@gmail.com','Sales','sales','$2y$10$4fagP5P0VulbcRe7Tcyq..WEEszuMgkb2MHOzEe4JjPWSGoywjNxC','1',NULL,'4','1','2023-02-25 14:32:03','2023-02-25 14:32:03'), 
('5','gudang@gmail.com','Gudang','gudang','$2y$10$9fZGZFOqt8bAclgOIvCkcuFUAiL.PSzhrIcWT3n7GmhSg9h6B5y22','1',NULL,'5','1','2023-02-25 14:32:32','2023-02-25 14:32:32');
DROP TABLE IF EXISTS `login_group`;
CREATE TABLE `login_group` (
  `id_login_group` int(11) NOT NULL AUTO_INCREMENT,
  `id_login` int(11) NOT NULL,
  `id_group` int(11) NOT NULL,
  `created_at` datetime DEFAULT NULL,
  `updated_at` datetime DEFAULT NULL,
  PRIMARY KEY (`id_login_group`),
  KEY `id_group` (`id_group`),
  KEY `id_login` (`id_login`),
  CONSTRAINT `login_group_ibfk_1` FOREIGN KEY (`id_login`) REFERENCES `login` (`id_login`) ON DELETE CASCADE ON UPDATE CASCADE,
  CONSTRAINT `login_group_ibfk_2` FOREIGN KEY (`id_group`) REFERENCES `groups` (`id_group`)
) ENGINE=InnoDB AUTO_INCREMENT=6 DEFAULT CHARSET=utf8 ROW_FORMAT=DYNAMIC;
INSERT INTO `login_group` (`id_login_group`,`id_login`,`id_group`,`created_at`,`updated_at`) VALUES ('1','1','1',NULL,NULL), 
('2','2','3',NULL,NULL), 
('3','3','2',NULL,'2023-05-05 15:10:06'), 
('4','4','4',NULL,NULL), 
('5','5','5',NULL,'2023-05-06 15:04:22');
DROP TABLE IF EXISTS `login_log`;
CREATE TABLE `login_log` (
  `id_log_login` int(11) unsigned NOT NULL AUTO_INCREMENT,
  `email` varchar(255) NOT NULL DEFAULT '',
  `username` varchar(255) NOT NULL,
  `loggedin_at` datetime DEFAULT NULL,
  `loggedout_at` datetime DEFAULT NULL,
  `created_at` datetime DEFAULT NULL,
  `updated_at` datetime DEFAULT NULL,
  PRIMARY KEY (`id_log_login`)
) ENGINE=InnoDB AUTO_INCREMENT=15 DEFAULT CHARSET=utf8 ROW_FORMAT=DYNAMIC;
INSERT INTO `login_log` (`id_log_login`,`email`,`username`,`loggedin_at`,`loggedout_at`,`created_at`,`updated_at`) VALUES ('1','admin@gmail.com','admin','2023-12-15 01:45:12','2023-12-15 02:24:33','2023-12-15 01:45:12','2023-12-15 02:24:33'), 
('2','kasir@gmail.com','kasir','2023-12-15 02:24:48','2023-12-15 02:52:41','2023-12-15 02:24:48','2023-12-15 02:52:41'), 
('3','admin@gmail.com','admin','2023-12-15 02:50:20','2023-12-15 02:52:32','2023-12-15 02:50:20','2023-12-15 02:52:32'), 
('4','kasir@gmail.com','kasir','2023-12-15 02:52:41','2023-12-15 03:25:33','2023-12-15 02:52:41','2023-12-15 03:25:33'), 
('5','kasir@gmail.com','kasir','2023-12-15 03:25:33','2023-12-15 03:53:28','2023-12-15 03:25:33','2023-12-15 03:53:28'), 
('6','kasir@gmail.com','kasir','2023-12-15 03:53:28','2023-12-16 01:47:26','2023-12-15 03:53:28','2023-12-16 01:47:26'), 
('7','admin@gmail.com','admin','2023-12-15 04:01:40','2023-12-16 01:37:09','2023-12-15 04:01:40','2023-12-16 01:37:09'), 
('8','admin@gmail.com','admin','2023-12-16 01:37:08','2023-12-16 01:47:16','2023-12-16 01:37:09','2023-12-16 01:47:16'), 
('9','kasir@gmail.com','kasir','2023-12-16 01:47:26','2023-12-16 02:53:23','2023-12-16 01:47:26','2023-12-16 02:53:23'), 
('10','kasir@gmail.com','kasir','2023-12-16 02:53:36',NULL,'2023-12-16 02:53:36','2023-12-16 02:53:36'), 
('11','admin@gmail.com','admin','2023-12-16 06:39:50','2023-12-16 17:17:34','2023-12-16 06:39:50','2023-12-16 17:17:34'), 
('12','admin@gmail.com','admin','2023-12-16 17:17:34','2023-12-16 17:23:19','2023-12-16 17:17:34','2023-12-16 17:23:19'), 
('13','admin@gmail.com','admin','2023-12-16 17:23:19','2023-12-16 17:52:01','2023-12-16 17:23:19','2023-12-16 17:52:01'), 
('14','admin@gmail.com','admin','2023-12-16 17:52:01',NULL,'2023-12-16 17:52:01','2023-12-16 17:52:01');
DROP TABLE IF EXISTS `logs`;
CREATE TABLE `logs` (
  `id_log` int(11) unsigned NOT NULL AUTO_INCREMENT,
  `keterangan` varchar(255) DEFAULT NULL,
  `created_at` datetime DEFAULT NULL,
  PRIMARY KEY (`id_log`)
) ENGINE=InnoDB AUTO_INCREMENT=94 DEFAULT CHARSET=utf8 ROW_FORMAT=DYNAMIC;
INSERT INTO `logs` (`id_log`,`keterangan`,`created_at`) VALUES ('1','Administrator (admin@gmail.com) melakukan Logout at: 2023-11-04 16:47:52','2023-11-04 16:47:52'), 
('2','Administrator (admin@gmail.com) melakukan Login at: 2023-12-15 01:45:12 on device/s: Windows 10/Edge 120.0.0.0','2023-12-15 01:45:12'), 
('3','Administrator (admin@gmail.com) melakukan Delete Kategori: 2','2023-12-15 01:50:28'), 
('4','Administrator (admin@gmail.com) melakukan Delete Kategori: 3','2023-12-15 01:50:30'), 
('5','Administrator (admin@gmail.com) melakukan Delete Kategori: 1','2023-12-15 01:50:32'), 
('6','Administrator (admin@gmail.com) melakukan Save Kategori: Alcohol','2023-12-15 01:50:35'), 
('7','Administrator (admin@gmail.com) melakukan Save Satuan: Botol','2023-12-15 01:51:01'), 
('8','Administrator (admin@gmail.com) melakukan Save Barang: JZumEdRGd7L4RvXLCR73QJ','2023-12-15 01:52:55'), 
('9','Administrator (admin@gmail.com) melakukan Update Barang: 1','2023-12-15 01:53:43'), 
('10','Administrator (admin@gmail.com) melakukan Save Barang: r2zX5JVeFziLEcfintKHuf','2023-12-15 01:57:21'), 
('11','Administrator (admin@gmail.com) melakukan Update Barang: 2','2023-12-15 01:57:36'), 
('12','Administrator (admin@gmail.com) melakukan Update Barang: 2','2023-12-15 01:58:52'), 
('13','Administrator (admin@gmail.com) melakukan Save Barang: nSt7yVpywDGdnkMEUHKB3i','2023-12-15 02:01:26'), 
('14','Administrator (admin@gmail.com) melakukan Update Barang: 3','2023-12-15 02:02:24'), 
('15','Administrator (admin@gmail.com) melakukan Save Barang: UtNmsv5HZ3FfrZ2BdwrUx8','2023-12-15 02:04:09'), 
('16','Administrator (admin@gmail.com) melakukan Update Barang: 4','2023-12-15 02:04:54'), 
('17','Administrator (admin@gmail.com) melakukan Update Barang: 4','2023-12-15 02:05:06'), 
('18','Administrator (admin@gmail.com) melakukan Save Barang: WpvBXGs3BAXWVKZAGu8dJn','2023-12-15 02:08:40'), 
('19','Administrator (admin@gmail.com) melakukan Update Barang: 5','2023-12-15 02:08:56'), 
('20','Administrator (admin@gmail.com) melakukan Save Barang: UDh6Wcmm4ZPcZtd5fvasy3','2023-12-15 02:13:38'), 
('21','Administrator (admin@gmail.com) melakukan Update Barang: 6','2023-12-15 02:13:49'), 
('22','Administrator (admin@gmail.com) melakukan Save Barang: VztctncX5BNrb3cieMKCv6','2023-12-15 02:15:47'), 
('23','Administrator (admin@gmail.com) melakukan Update Barang: 7','2023-12-15 02:16:00'), 
('24','Administrator (admin@gmail.com) melakukan Update Shift: 1','2023-12-15 02:23:00'), 
('25','Administrator (admin@gmail.com) melakukan Update Shift: 2','2023-12-15 02:23:27'), 
('26','Administrator (admin@gmail.com) melakukan Update Shift: 3','2023-12-15 02:23:53'), 
('27','Administrator (admin@gmail.com) melakukan Logout at: 2023-12-15 02:24:33','2023-12-15 02:24:33'), 
('28','Kasir (kasir@gmail.com) melakukan Login at: 2023-12-15 02:24:48 on device/s: Windows 10/Edge 120.0.0.0','2023-12-15 02:24:48'), 
('29','Kasir (kasir@gmail.com) melakukan Save Open Cashier: 1','2023-12-15 02:26:07'), 
('30','Kasir (kasir@gmail.com) melakukan Save Detail Open Cashier: 1','2023-12-15 02:26:07'), 
('31','Kasir (kasir@gmail.com) melakukan Save Penjualan - Bank: PJ/363151223-01','2023-12-15 02:27:06'), 
('32','Kasir (kasir@gmail.com) melakukan Save Bank: PJ/363151223-01 Keterangan: Pemasukan Penjualan','2023-12-15 02:27:06'), 
('33',' () melakukan Logout at: 2023-12-15 02:50:11','2023-12-15 02:50:11'), 
('34','Administrator (admin@gmail.com) melakukan Login at: 2023-12-15 02:50:20 on device/s: Windows 10/Edge 120.0.0.0','2023-12-15 02:50:20'), 
('35','Administrator (admin@gmail.com) melakukan Update Toko/Warung: 1','2023-12-15 02:52:13'), 
('36','Administrator (admin@gmail.com) melakukan Logout at: 2023-12-15 02:52:32','2023-12-15 02:52:32'), 
('37','Kasir (kasir@gmail.com) melakukan Login at: 2023-12-15 02:52:41 on device/s: Windows 10/Edge 120.0.0.0','2023-12-15 02:52:41'), 
('38','Kasir (kasir@gmail.com) melakukan Update Bank: PJ/363151223-01 Keterangan: Update Penjualan','2023-12-15 02:56:30'), 
('39','Kasir (kasir@gmail.com) melakukan Login at: 2023-12-15 03:25:33 on device/s: Windows 10/Edge 120.0.0.0','2023-12-15 03:25:33'), 
('40','Kasir (kasir@gmail.com) melakukan Login at: 2023-12-15 03:53:28 on device/s: Windows 10/Edge 120.0.0.0','2023-12-15 03:53:28'), 
('41',' () melakukan Logout at: 2023-12-15 04:01:33','2023-12-15 04:01:33'), 
('42','Administrator (admin@gmail.com) melakukan Login at: 2023-12-15 04:01:40 on device/s: Windows 10/Edge 120.0.0.0','2023-12-15 04:01:40'), 
('43','Administrator (admin@gmail.com) melakukan Save Open Cashier: 2','2023-12-15 04:13:25'), 
('44','Administrator (admin@gmail.com) melakukan Save Detail Open Cashier: 2','2023-12-15 04:13:25'), 
('45','Administrator (admin@gmail.com) melakukan Login at: 2023-12-16 01:37:08 on device/s: Windows 10/Chrome 120.0.0.0','2023-12-16 01:37:09'), 
('46','Administrator (admin@gmail.com) melakukan Delete Kategori: 4','2023-12-16 01:37:52'), 
('47','Administrator (admin@gmail.com) melakukan Save Kategori: Warung','2023-12-16 01:38:00'), 
('48','Administrator (admin@gmail.com) melakukan Save Kategori: Cafe','2023-12-16 01:38:06'), 
('49','Administrator (admin@gmail.com) melakukan Save Barang: kKiUrcFs3pxs6EftNxz4PQ','2023-12-16 01:38:52'), 
('50','Administrator (admin@gmail.com) melakukan Update Barang: 8','2023-12-16 01:39:14'), 
('51','Administrator (admin@gmail.com) melakukan Save Barang: qCrs9qhSaYwgfiDC2bDd9c','2023-12-16 01:40:07'), 
('52','Administrator (admin@gmail.com) melakukan Save Barang: JfEMw6e3zYAugmqo7u3jqf','2023-12-16 01:40:38'), 
('53','Administrator (admin@gmail.com) melakukan Save Barang: VwnYoUZwSFnnpaQ29GuWda','2023-12-16 01:41:29'), 
('54','Administrator (admin@gmail.com) melakukan Save Barang: 2avgY7PMjNPZ6VwVQqwH8h','2023-12-16 01:44:13'), 
('55','Administrator (admin@gmail.com) melakukan Update active Barang: 8','2023-12-16 01:44:29'), 
('56','Administrator (admin@gmail.com) melakukan Save Barang: DQKvkKArd8zGZaZ44PYaZ6','2023-12-16 01:45:01'), 
('57','Administrator (admin@gmail.com) melakukan Save Barang: NeBsE9XkfLfCX3TZu8cTa8','2023-12-16 01:45:29'), 
('58','Administrator (admin@gmail.com) melakukan Save Barang: afSKZED4BrVGhdqp6B97nD','2023-12-16 01:46:04'), 
('59','Administrator (admin@gmail.com) melakukan Save Barang: 4eXu7is6cgEae66hos8u2V','2023-12-16 01:46:41'), 
('60','Administrator (admin@gmail.com) melakukan Delete Penjualan: PJ/363151223-01','2023-12-16 01:47:09'), 
('61','Administrator (admin@gmail.com) melakukan Logout at: 2023-12-16 01:47:16','2023-12-16 01:47:16'), 
('62','Kasir (kasir@gmail.com) melakukan Login at: 2023-12-16 01:47:26 on device/s: Windows 10/Chrome 120.0.0.0','2023-12-16 01:47:26'), 
('63','Kasir (kasir@gmail.com) melakukan Save Open Cashier: 3','2023-12-16 01:47:53'), 
('64','Kasir (kasir@gmail.com) melakukan Save Detail Open Cashier: 3','2023-12-16 01:47:53'), 
('65','Kasir (kasir@gmail.com) melakukan Save Penjualan - Cash: PJ/588161223-01','2023-12-16 01:48:33'), 
('66','Kasir (kasir@gmail.com) melakukan Save Cashflow: PJ/588161223-01','2023-12-16 01:48:33'), 
('67','Kasir (kasir@gmail.com) melakukan Save Penjualan - Cash: PJ/014161223-02','2023-12-16 01:48:56'), 
('68','Kasir (kasir@gmail.com) melakukan Save Cashflow: PJ/014161223-02','2023-12-16 01:48:56'), 
('69','Kasir (kasir@gmail.com) melakukan Save Penjualan - Cash: PJ/723161223-03','2023-12-16 01:49:07'), 
('70','Kasir (kasir@gmail.com) melakukan Save Cashflow: PJ/723161223-03','2023-12-16 01:49:07'), 
('71','Kasir (kasir@gmail.com) melakukan Save Penjualan - Cash: PJ/888161223-04','2023-12-16 01:49:14'), 
('72','Kasir (kasir@gmail.com) melakukan Save Cashflow: PJ/888161223-04','2023-12-16 01:49:14'), 
('73','Kasir (kasir@gmail.com) melakukan Save Penjualan - Cash: PJ/042161223-05','2023-12-16 01:49:23'), 
('74','Kasir (kasir@gmail.com) melakukan Save Cashflow: PJ/042161223-05','2023-12-16 01:49:23'), 
('75','Kasir (kasir@gmail.com) melakukan Save Penjualan - Cash: PJ/197161223-06','2023-12-16 01:49:35'), 
('76','Kasir (kasir@gmail.com) melakukan Save Cashflow: PJ/197161223-06','2023-12-16 01:49:35'), 
('77','Kasir (kasir@gmail.com) melakukan Save Penjualan - Cash: PJ/041161223-07','2023-12-16 01:52:51'), 
('78','Kasir (kasir@gmail.com) melakukan Save Cashflow: PJ/041161223-07','2023-12-16 01:52:51'), 
('79','Kasir (kasir@gmail.com) melakukan Save Penjualan - Cash: PJ/001161223-08','2023-12-16 01:53:03'), 
('80','Kasir (kasir@gmail.com) melakukan Save Cashflow: PJ/001161223-08','2023-12-16 01:53:03'), 
('81','Kasir (kasir@gmail.com) melakukan Update Cashflow: PJ/001161223-08','2023-12-16 02:16:58'), 
('82','Kasir (kasir@gmail.com) melakukan Update Penjualan: PJ/001161223-08','2023-12-16 02:16:58'), 
('83','Kasir (kasir@gmail.com) melakukan Update Cashflow: PJ/001161223-08','2023-12-16 02:17:03'), 
('84','Kasir (kasir@gmail.com) melakukan Update Penjualan: PJ/001161223-08','2023-12-16 02:17:03'), 
('85','Kasir (kasir@gmail.com) melakukan Update Cashflow: PJ/001161223-08','2023-12-16 02:17:07'), 
('86','Kasir (kasir@gmail.com) melakukan Update Penjualan: PJ/001161223-08','2023-12-16 02:17:07'), 
('87','Kasir (kasir@gmail.com) melakukan Logout at: 2023-12-16 02:53:23','2023-12-16 02:53:23'), 
('88','Kasir (kasir@gmail.com) melakukan Login at: 2023-12-16 02:53:36 on device/s: Windows 10/Chrome 120.0.0.0','2023-12-16 02:53:36'), 
('89','Administrator (admin@gmail.com) melakukan Login at: 2023-12-16 06:39:50 on device/s: Windows 10/Chrome 120.0.0.0','2023-12-16 06:39:50'), 
('90','Administrator (admin@gmail.com) melakukan Update Toko/Warung: 1','2023-12-16 06:47:16'), 
('91','Administrator (admin@gmail.com) melakukan Login at: 2023-12-16 17:17:34 on device/s: Windows 10/Chrome 120.0.0.0','2023-12-16 17:17:34'), 
('92','Administrator (admin@gmail.com) melakukan Login at: 2023-12-16 17:23:19 on device/s: Windows 10/Edge 120.0.0.0','2023-12-16 17:23:19'), 
('93','Administrator (admin@gmail.com) melakukan Login at: 2023-12-16 17:52:01 on device/s: Windows 10/Edge 120.0.0.0','2023-12-16 17:52:01');
DROP TABLE IF EXISTS `media`;
CREATE TABLE `media` (
  `id_media` int(11) unsigned NOT NULL AUTO_INCREMENT,
  `media_path` varchar(255) NOT NULL,
  `id_barang` int(11) unsigned NOT NULL DEFAULT 0,
  `active` int(11) DEFAULT 0,
  `created_at` datetime DEFAULT NULL,
  `updated_at` datetime DEFAULT NULL,
  `deleted_at` datetime DEFAULT NULL,
  PRIMARY KEY (`id_media`)
) ENGINE=InnoDB AUTO_INCREMENT=15 DEFAULT CHARSET=utf8 ROW_FORMAT=DYNAMIC;
INSERT INTO `media` (`id_media`,`media_path`,`id_barang`,`active`,`created_at`,`updated_at`,`deleted_at`) VALUES ('1','images/1702580020_f56b7b08b3f4af74e451.jpg','1','1','2023-12-15 01:53:40','2023-12-15 01:53:40',NULL), 
('2','images/1702580120_9c332ac76892409c7a28.jpg','0','1','2023-12-15 01:55:20','2023-12-15 01:55:20',NULL), 
('4','images/1702580331_99128fe1ebefc795be7e.jpg','2','1','2023-12-15 01:58:51','2023-12-15 01:58:51',NULL), 
('5','images/1702580481_2549407ec04f4babdab8.webp','0','1','2023-12-15 02:01:21','2023-12-15 02:01:21',NULL), 
('6','images/1702580542_7f7a561db4acd3b818aa.jpg','3','1','2023-12-15 02:02:22','2023-12-15 02:02:22',NULL), 
('7','images/1702580596_3a28c6abadb5b48fb71b.png','0','1','2023-12-15 02:03:16','2023-12-15 02:03:16',NULL), 
('8','images/1702580694_71fd1155d614ce050f56.jpg','4','1','2023-12-15 02:04:54','2023-12-15 02:04:54',NULL), 
('9','images/1702580780_f6bd6e710eae3901b97c.jpg','0','1','2023-12-15 02:06:20','2023-12-15 02:06:20',NULL), 
('10','images/1702580935_9de9d21f1e2076033956.jpg','5','1','2023-12-15 02:08:55','2023-12-15 02:08:55',NULL), 
('11','images/1702581217_83c2cd5892dafad91db7.jpg','0','1','2023-12-15 02:13:37','2023-12-15 02:13:37',NULL), 
('12','images/1702581228_9b28f4b664df63f25bec.jpg','6','1','2023-12-15 02:13:48','2023-12-15 02:13:48',NULL), 
('13','images/1702581315_78024aa85594347256d4.png','0','1','2023-12-15 02:15:15','2023-12-15 02:15:15',NULL), 
('14','images/1702581359_7637b6ff77740d24ef2a.png','7','1','2023-12-15 02:15:59','2023-12-15 02:15:59',NULL);
DROP TABLE IF EXISTS `orders`;
CREATE TABLE `orders` (
  `id_order` varchar(20) NOT NULL DEFAULT '',
  `id_barang` int(11) unsigned NOT NULL DEFAULT 0,
  `id_kontak` int(11) unsigned DEFAULT NULL,
  `harga_beli` int(11) NOT NULL DEFAULT 0,
  `harga_jual` int(11) NOT NULL DEFAULT 0,
  `stok` int(11) DEFAULT NULL,
  `qty` int(11) NOT NULL DEFAULT 0,
  `satuan` varchar(255) DEFAULT NULL,
  `jumlah` int(11) NOT NULL DEFAULT 0,
  `id_login` int(11) NOT NULL DEFAULT 0,
  `id_toko` int(11) DEFAULT NULL,
  `created_at` datetime DEFAULT NULL,
  `updated_at` datetime DEFAULT NULL,
  PRIMARY KEY (`id_order`),
  KEY `id_barang` (`id_barang`),
  CONSTRAINT `orders_ibfk_1` FOREIGN KEY (`id_barang`) REFERENCES `barang` (`id_barang`) ON DELETE CASCADE ON UPDATE CASCADE
) ENGINE=InnoDB DEFAULT CHARSET=utf8 ROW_FORMAT=DYNAMIC;
DROP TABLE IF EXISTS `pajak`;
CREATE TABLE `pajak` (
  `id_pajak` int(11) unsigned NOT NULL AUTO_INCREMENT,
  `faktur` varchar(255) DEFAULT NULL,
  `PPN` char(10) DEFAULT '0',
  `jenis` varchar(255) DEFAULT NULL,
  `nominal` int(11) DEFAULT NULL,
  `pembulatan` int(11) NOT NULL DEFAULT 0,
  `keterangan` varchar(255) DEFAULT NULL,
  `id_penjualan` int(11) unsigned DEFAULT NULL,
  `id_toko` int(11) DEFAULT NULL,
  `id_login` int(11) DEFAULT NULL,
  `created_at` datetime DEFAULT NULL,
  `updated_at` datetime DEFAULT NULL,
  PRIMARY KEY (`id_pajak`),
  KEY `id_penjualan` (`id_penjualan`),
  CONSTRAINT `pajak_ibfk_1` FOREIGN KEY (`id_penjualan`) REFERENCES `penjualan` (`id_penjualan`) ON DELETE CASCADE ON UPDATE CASCADE
) ENGINE=InnoDB DEFAULT CHARSET=utf8 ROW_FORMAT=DYNAMIC;
DROP TABLE IF EXISTS `pembelian`;
CREATE TABLE `pembelian` (
  `id_pembelian` int(11) unsigned NOT NULL AUTO_INCREMENT,
  `faktur` varchar(255) DEFAULT NULL,
  `id_kontak` int(11) unsigned DEFAULT NULL,
  `id_login` int(11) NOT NULL DEFAULT 0,
  `id_toko` int(11) DEFAULT NULL,
  `tanggal` date DEFAULT NULL,
  `jatuh_tempo` date DEFAULT NULL,
  `jumlah` int(11) NOT NULL DEFAULT 0,
  `subtotal` int(11) NOT NULL DEFAULT 0,
  `biaya` int(11) NOT NULL DEFAULT 0,
  `total` int(11) NOT NULL DEFAULT 0,
  `status_bayar` int(11) NOT NULL DEFAULT 0,
  `pembayaran` int(11) DEFAULT NULL,
  `catatan` text DEFAULT NULL,
  `created_at` datetime DEFAULT NULL,
  `updated_at` datetime DEFAULT NULL,
  PRIMARY KEY (`id_pembelian`)
) ENGINE=InnoDB DEFAULT CHARSET=utf8 ROW_FORMAT=DYNAMIC;
DROP TABLE IF EXISTS `pembelian_item`;
CREATE TABLE `pembelian_item` (
  `id_itempembelian` int(11) unsigned NOT NULL AUTO_INCREMENT,
  `id_pembelian` int(11) unsigned DEFAULT NULL,
  `id_barang` int(11) unsigned NOT NULL DEFAULT 0,
  `harga_beli` int(11) DEFAULT NULL,
  `harga_jual` int(11) DEFAULT NULL,
  `qty` int(11) DEFAULT NULL,
  `satuan` varchar(255) DEFAULT NULL,
  `jumlah` int(11) DEFAULT NULL,
  `created_at` datetime DEFAULT NULL,
  `updated_at` datetime DEFAULT NULL,
  PRIMARY KEY (`id_itempembelian`),
  KEY `id_pembelian` (`id_pembelian`),
  KEY `id_barang` (`id_barang`),
  CONSTRAINT `pembelian_item_ibfk_1` FOREIGN KEY (`id_pembelian`) REFERENCES `pembelian` (`id_pembelian`) ON DELETE CASCADE ON UPDATE CASCADE,
  CONSTRAINT `pembelian_item_ibfk_2` FOREIGN KEY (`id_barang`) REFERENCES `barang` (`id_barang`)
) ENGINE=InnoDB DEFAULT CHARSET=utf8 ROW_FORMAT=DYNAMIC;
DROP TABLE IF EXISTS `penjualan`;
CREATE TABLE `penjualan` (
  `id_penjualan` int(11) unsigned NOT NULL AUTO_INCREMENT,
  `faktur` varchar(255) DEFAULT NULL,
  `id_kontak` int(11) unsigned NOT NULL DEFAULT 0,
  `jumlah` int(11) NOT NULL DEFAULT 0,
  `PPN` char(10) NOT NULL DEFAULT '0',
  `hpp` int(11) NOT NULL DEFAULT 0,
  `subtotal` int(11) NOT NULL DEFAULT 0,
  `diskon` int(11) NOT NULL DEFAULT 0,
  `diskon_persen` int(11) NOT NULL DEFAULT 0,
  `pajak` int(11) NOT NULL DEFAULT 0,
  `pembulatan` int(11) NOT NULL DEFAULT 0,
  `total` int(11) NOT NULL DEFAULT 0,
  `bayar` int(11) NOT NULL DEFAULT 0,
  `kembali` int(11) NOT NULL DEFAULT 0,
  `total_laba` int(11) NOT NULL DEFAULT 0,
  `periode` varchar(255) DEFAULT NULL,
  `id_login` int(11) NOT NULL DEFAULT 0,
  `id_toko` int(11) DEFAULT NULL,
  `metode_bayar` varchar(255) DEFAULT NULL,
  `catatan` varchar(255) DEFAULT NULL,
  `created_at` datetime DEFAULT NULL,
  `updated_at` datetime DEFAULT NULL,
  PRIMARY KEY (`id_penjualan`)
) ENGINE=InnoDB AUTO_INCREMENT=10 DEFAULT CHARSET=utf8 ROW_FORMAT=DYNAMIC;
INSERT INTO `penjualan` (`id_penjualan`,`faktur`,`id_kontak`,`jumlah`,`PPN`,`hpp`,`subtotal`,`diskon`,`diskon_persen`,`pajak`,`pembulatan`,`total`,`bayar`,`kembali`,`total_laba`,`periode`,`id_login`,`id_toko`,`metode_bayar`,`catatan`,`created_at`,`updated_at`) VALUES ('2','PJ/588161223-01','1','3','0','56833','85000','0','0','0','0','85000','85000','0','28167','12-2023','2','1','cash','','2023-12-16 01:48:33',NULL), 
('3','PJ/014161223-02','1','2','0','23833','47000','0','0','0','0','47000','47000','0','23167','12-2023','2','1','cash','','2023-12-16 01:48:55',NULL), 
('4','PJ/723161223-03','1','1','0','3000','6000','0','0','0','0','6000','6000','0','3000','12-2023','2','1','cash','','2023-12-16 01:49:07',NULL), 
('5','PJ/888161223-04','1','1','0','22091','40000','0','0','0','0','40000','40000','0','17909','12-2023','2','1','cash','','2023-12-16 01:49:14',NULL), 
('6','PJ/042161223-05','1','2','0','30000','37000','0','0','0','0','37000','37000','0','7000','12-2023','2','1','cash','','2023-12-16 01:49:23',NULL), 
('7','PJ/197161223-06','1','3','0','46000','56000','0','0','0','0','56000','56000','0','10000','12-2023','2','1','cash','','2023-12-16 01:49:35',NULL), 
('8','PJ/041161223-07','1','1','0','37666','80000','0','0','0','0','80000','80000','0','42334','12-2023','2','1','cash','','2023-12-16 01:52:51',NULL), 
('9','PJ/001161223-08','1','1','0','30000','45000','0','0','0','0','45000','45000','0','15000','12-2023','2','1','cash','','2023-12-16 01:53:03','2023-12-16 02:17:07');
DROP TABLE IF EXISTS `penjualan_item`;
CREATE TABLE `penjualan_item` (
  `id_itempenjualan` int(11) unsigned NOT NULL AUTO_INCREMENT,
  `id_barang` int(11) unsigned NOT NULL DEFAULT 0,
  `id_penjualan` int(11) unsigned DEFAULT NULL,
  `harga_beli` int(11) DEFAULT NULL,
  `harga_jual` int(11) DEFAULT NULL,
  `diskon` int(11) NOT NULL DEFAULT 0,
  `diskon_persen` int(11) NOT NULL DEFAULT 0,
  `stok` int(11) DEFAULT NULL,
  `qty` int(11) DEFAULT NULL,
  `satuan` varchar(255) DEFAULT NULL,
  `hpp` int(11) NOT NULL DEFAULT 0,
  `jumlah` int(11) DEFAULT NULL,
  `ppn` int(11) NOT NULL DEFAULT 0,
  `total_laba` int(11) NOT NULL DEFAULT 0,
  `created_at` datetime DEFAULT NULL,
  `updated_at` datetime DEFAULT NULL,
  PRIMARY KEY (`id_itempenjualan`),
  KEY `id_barang` (`id_barang`),
  KEY `id_penjualan` (`id_penjualan`),
  CONSTRAINT `penjualan_item_ibfk_1` FOREIGN KEY (`id_penjualan`) REFERENCES `penjualan` (`id_penjualan`) ON DELETE CASCADE ON UPDATE CASCADE,
  CONSTRAINT `penjualan_item_ibfk_2` FOREIGN KEY (`id_barang`) REFERENCES `barang` (`id_barang`)
) ENGINE=InnoDB AUTO_INCREMENT=24 DEFAULT CHARSET=utf8 ROW_FORMAT=DYNAMIC;
INSERT INTO `penjualan_item` (`id_itempenjualan`,`id_barang`,`id_penjualan`,`harga_beli`,`harga_jual`,`diskon`,`diskon_persen`,`stok`,`qty`,`satuan`,`hpp`,`jumlah`,`ppn`,`total_laba`,`created_at`,`updated_at`) VALUES ('7','1','2','18833','40000','0','0','6','1','1Botol','18833','40000','0','21167','2023-12-16 01:48:33',NULL), 
('8','8','2','10000','15000','0','0','900','1','1pcs','10000','15000','0','5000','2023-12-16 01:48:33',NULL), 
('9','16','2','28000','30000','0','0','100','1','1bungkus','28000','30000','0','2000','2023-12-16 01:48:33',NULL), 
('10','1','3','18833','40000','0','0','5','1','1Botol','18833','40000','0','21167','2023-12-16 01:48:56',NULL), 
('11','15','3','5000','7000','0','0','100','1','1Botol','5000','7000','0','2000','2023-12-16 01:48:56',NULL), 
('12','13','4','3000','6000','0','0','100','1','1Botol','3000','6000','0','3000','2023-12-16 01:49:07',NULL), 
('13','7','5','22091','40000','0','0','10','1','1Botol','22091','40000','0','17909','2023-12-16 01:49:14',NULL), 
('14','9','6','15000','20000','0','0','900','1','1pcs','15000','20000','0','5000','2023-12-16 01:49:23',NULL), 
('15','10','6','15000','17000','0','0','1000','1','1buah','15000','17000','0','2000','2023-12-16 01:49:23',NULL), 
('16','16','7','28000','30000','0','0','99','1','1bungkus','28000','30000','0','2000','2023-12-16 01:49:35',NULL), 
('17','14','7','3000','6000','0','0','1000','1','1Botol','3000','6000','0','3000','2023-12-16 01:49:35',NULL), 
('18','9','7','15000','20000','0','0','899','1','1pcs','15000','20000','0','5000','2023-12-16 01:49:35',NULL), 
('19','1','8','18833','40000','0','0','4','2','1Botol','37666','80000','0','42334','2023-12-16 01:52:51',NULL), 
('23','8','9','10000','15000','0','0','899','3','1pcs','30000','45000','0','15000','2023-12-16 02:17:07',NULL);
DROP TABLE IF EXISTS `piutang`;
CREATE TABLE `piutang` (
  `id_piutang` int(11) unsigned NOT NULL AUTO_INCREMENT,
  `id_penjualan` int(11) unsigned NOT NULL,
  `tanggal` date DEFAULT NULL,
  `jatuh_tempo` date DEFAULT NULL,
  `jumlah_piutang` int(11) DEFAULT NULL,
  `jumlah_bayar` int(11) DEFAULT NULL,
  `sisa_piutang` int(11) DEFAULT NULL,
  `status_piutang` int(11) NOT NULL DEFAULT 0,
  `keterangan` varchar(255) DEFAULT NULL,
  `id_login` int(11) NOT NULL DEFAULT 0,
  `id_toko` int(11) DEFAULT NULL,
  `created_at` datetime DEFAULT NULL,
  `updated_at` datetime DEFAULT NULL,
  PRIMARY KEY (`id_piutang`),
  KEY `id_penjualan` (`id_penjualan`),
  KEY `id_login` (`id_login`),
  KEY `id_toko` (`id_toko`),
  CONSTRAINT `piutang_ibfk_1` FOREIGN KEY (`id_penjualan`) REFERENCES `penjualan` (`id_penjualan`),
  CONSTRAINT `piutang_ibfk_2` FOREIGN KEY (`id_login`) REFERENCES `login` (`id_login`),
  CONSTRAINT `piutang_ibfk_3` FOREIGN KEY (`id_toko`) REFERENCES `toko` (`id_toko`)
) ENGINE=InnoDB DEFAULT CHARSET=utf8 ROW_FORMAT=DYNAMIC;
DROP TABLE IF EXISTS `piutang_bayar`;
CREATE TABLE `piutang_bayar` (
  `id_piutang_bayar` int(11) unsigned NOT NULL AUTO_INCREMENT,
  `id_piutang` int(11) unsigned NOT NULL DEFAULT 0,
  `nominal` int(11) DEFAULT NULL,
  `id_cashflow` int(11) unsigned NOT NULL DEFAULT 0,
  `id_login` int(11) NOT NULL DEFAULT 0,
  `created_at` datetime DEFAULT NULL,
  `updated_at` datetime DEFAULT NULL,
  PRIMARY KEY (`id_piutang_bayar`),
  KEY `id_piutang` (`id_piutang`),
  CONSTRAINT `piutang_bayar_ibfk_1` FOREIGN KEY (`id_piutang`) REFERENCES `piutang` (`id_piutang`) ON DELETE CASCADE ON UPDATE CASCADE
) ENGINE=InnoDB DEFAULT CHARSET=utf8 ROW_FORMAT=DYNAMIC;
DROP TABLE IF EXISTS `satuan`;
CREATE TABLE `satuan` (
  `id_satuan` int(11) unsigned NOT NULL AUTO_INCREMENT,
  `nama_satuan` varchar(255) NOT NULL DEFAULT '',
  `nilai_satuan` int(11) NOT NULL DEFAULT 0,
  `created_at` datetime DEFAULT NULL,
  `updated_at` datetime DEFAULT NULL,
  PRIMARY KEY (`id_satuan`),
  KEY `nama_satuan` (`nama_satuan`)
) ENGINE=InnoDB AUTO_INCREMENT=10 DEFAULT CHARSET=utf8 ROW_FORMAT=DYNAMIC;
INSERT INTO `satuan` (`id_satuan`,`nama_satuan`,`nilai_satuan`,`created_at`,`updated_at`) VALUES ('1','pcs','1',NULL,NULL), 
('2','buah','1',NULL,NULL), 
('3','butir','1',NULL,NULL), 
('4','bungkus','1','2023-01-01 20:38:07','2023-01-01 20:38:07'), 
('5','gram','100',NULL,NULL), 
('6','kg','1',NULL,NULL), 
('7','roll','1',NULL,NULL), 
('8','lembar','1',NULL,NULL), 
('9','Botol','1','2023-12-15 01:51:01','2023-12-15 01:51:01');
DROP TABLE IF EXISTS `settings`;
CREATE TABLE `settings` (
  `id` int(11) unsigned NOT NULL AUTO_INCREMENT,
  `group_setting` varchar(100) NOT NULL,
  `variable_setting` varchar(255) NOT NULL,
  `value_setting` text NOT NULL,
  `deskripsi_setting` varchar(255) NOT NULL,
  `updated_at` datetime DEFAULT NULL,
  PRIMARY KEY (`id`)
) ENGINE=InnoDB AUTO_INCREMENT=15 DEFAULT CHARSET=utf8 ROW_FORMAT=DYNAMIC;
INSERT INTO `settings` (`id`,`group_setting`,`variable_setting`,`value_setting`,`deskripsi_setting`,`updated_at`) VALUES ('1','general','app_name','AksaPOS Toko/Warung','App Name','2022-05-09 06:16:12'), 
('2','general','app_version','1','App Version','2022-05-26 18:22:10'), 
('3','general','app_release','2023-01-04 08:24:55','App Release','2023-01-04 08:24:55'), 
('4','general','app_developer','PT ITSHOP BISNIS DIGITAL (ITSHOP Purwokerto: itshop.biz.id, Tokopedia.com/itshoppwt, Shopee.co.id/itshoppwt, Bukalapak.com/itshoppwt)','App Developer','2022-05-11 17:05:03'), 
('5','image','img_favicon','assets/images/favicon.png','Favicon','2022-11-12 13:14:59'), 
('6','image','img_logo','assets/images/logo.png','Logo','2022-11-13 09:47:27'), 
('7','image','img_logo_resize','assets/images/res_logo.png','Logo Resized','2022-11-13 09:47:28'), 
('8','image','img_background','assets/images/background.jpg','Background','2022-03-10 13:17:10'), 
('9','app','snackbars_position','bottom','Posisi Snackbars Notification','2022-12-28 07:22:22'), 
('10','app','limit_loginlog','2000','Limit Login Log (default 2000)','2023-01-04 08:24:55'), 
('11','app','enable_frontend','true','Tampilkan Home atau Halaman Login','2023-02-24 18:22:33'), 
('12','app','cashierpay_position','left','Posisi Tombol Pay Kasir','2023-02-26 13:18:48'), 
('13','app','navbar_color','indigo','Navbar Color','2023-08-06 16:36:30'), 
('14','app','sidebar_color','indigo','Sidebar Color','2023-08-06 16:36:36');
DROP TABLE IF EXISTS `shift`;
CREATE TABLE `shift` (
  `id_shift` int(11) NOT NULL AUTO_INCREMENT,
  `nama_shift` varchar(255) DEFAULT NULL,
  `jam_mulai` time DEFAULT NULL,
  `jam_selesai` time DEFAULT NULL,
  `id_toko` int(11) NOT NULL DEFAULT 0,
  `created_at` datetime DEFAULT NULL,
  `updated_at` datetime DEFAULT NULL,
  PRIMARY KEY (`id_shift`)
) ENGINE=InnoDB AUTO_INCREMENT=6 DEFAULT CHARSET=utf8;
INSERT INTO `shift` (`id_shift`,`nama_shift`,`jam_mulai`,`jam_selesai`,`id_toko`,`created_at`,`updated_at`) VALUES ('1','Shift 1','11:00:00','19:00:00','1',NULL,'2023-12-15 02:23:00'), 
('2','Shift 2','16:00:00','00:00:00','1',NULL,'2023-12-15 02:23:27'), 
('3','Shift 3','19:00:00','03:00:00','1',NULL,'2023-12-15 02:23:53'), 
('4',NULL,NULL,NULL,'1',NULL,NULL), 
('5',NULL,NULL,NULL,'1',NULL,NULL);
DROP TABLE IF EXISTS `shift_openclose`;
CREATE TABLE `shift_openclose` (
  `id_shift_openclose` int(11) unsigned NOT NULL AUTO_INCREMENT,
  `id_shift` int(11) NOT NULL,
  `type` char(20) DEFAULT NULL,
  `tanggal` date DEFAULT NULL,
  `waktu` time DEFAULT NULL,
  `id_login` int(11) NOT NULL DEFAULT 0,
  `supervisor` int(11) NOT NULL DEFAULT 0,
  `jumlah_uang_kertas` int(11) DEFAULT NULL,
  `jumlah_uang_koin` int(11) DEFAULT NULL,
  `id_toko` int(11) NOT NULL DEFAULT 0,
  `created_at` datetime DEFAULT NULL,
  `updated_at` datetime DEFAULT NULL,
  PRIMARY KEY (`id_shift_openclose`)
) ENGINE=InnoDB AUTO_INCREMENT=4 DEFAULT CHARSET=utf8;
INSERT INTO `shift_openclose` (`id_shift_openclose`,`id_shift`,`type`,`tanggal`,`waktu`,`id_login`,`supervisor`,`jumlah_uang_kertas`,`jumlah_uang_koin`,`id_toko`,`created_at`,`updated_at`) VALUES ('1','3','open','2023-12-15','02:25:00','2','3','0','0','1','2023-12-15 02:26:07','2023-12-15 02:26:07'), 
('2','1','open','2023-12-15','04:13:00','1','3','0','0','1','2023-12-15 04:13:25','2023-12-15 04:13:25'), 
('3','3','open','2023-12-16','01:47:00','2','3','0','0','1','2023-12-16 01:47:53','2023-12-16 01:47:53');
DROP TABLE IF EXISTS `shift_openclose_detail`;
CREATE TABLE `shift_openclose_detail` (
  `id_shift_openclose_detail` int(11) unsigned NOT NULL AUTO_INCREMENT,
  `id_shift_openclose` int(11) unsigned NOT NULL,
  `kertas100` int(11) NOT NULL DEFAULT 0,
  `kertas50` int(11) NOT NULL DEFAULT 0,
  `kertas20` int(11) NOT NULL DEFAULT 0,
  `kertas10` int(11) NOT NULL DEFAULT 0,
  `kertas5` int(11) NOT NULL DEFAULT 0,
  `kertas2` int(11) NOT NULL DEFAULT 0,
  `kertas1` int(11) NOT NULL DEFAULT 0,
  `koin1000` int(11) NOT NULL DEFAULT 0,
  `koin500` int(11) NOT NULL DEFAULT 0,
  `koin200` int(11) NOT NULL DEFAULT 0,
  `koin100` int(11) NOT NULL DEFAULT 0,
  `created_at` datetime DEFAULT NULL,
  `updated_at` datetime DEFAULT NULL,
  PRIMARY KEY (`id_shift_openclose_detail`),
  KEY `id_shift_openclose` (`id_shift_openclose`),
  CONSTRAINT `shift_openclose_detail_ibfk_1` FOREIGN KEY (`id_shift_openclose`) REFERENCES `shift_openclose` (`id_shift_openclose`) ON DELETE CASCADE ON UPDATE CASCADE
) ENGINE=InnoDB AUTO_INCREMENT=4 DEFAULT CHARSET=utf8;
INSERT INTO `shift_openclose_detail` (`id_shift_openclose_detail`,`id_shift_openclose`,`kertas100`,`kertas50`,`kertas20`,`kertas10`,`kertas5`,`kertas2`,`kertas1`,`koin1000`,`koin500`,`koin200`,`koin100`,`created_at`,`updated_at`) VALUES ('1','1','0','0','0','0','0','0','0','0','0','0','0','2023-12-15 02:26:07','2023-12-15 02:26:07'), 
('2','2','0','0','0','0','0','0','0','0','0','0','0','2023-12-15 04:13:25','2023-12-15 04:13:25'), 
('3','3','0','0','0','0','0','0','0','0','0','0','0','2023-12-16 01:47:53','2023-12-16 01:47:53');
DROP TABLE IF EXISTS `stok`;
CREATE TABLE `stok` (
  `id_stok` int(11) unsigned NOT NULL AUTO_INCREMENT,
  `id_barang` int(11) unsigned NOT NULL DEFAULT 0,
  `jenis` varchar(255) DEFAULT NULL,
  `jumlah` varchar(255) DEFAULT NULL,
  `nilai` varchar(255) DEFAULT NULL,
  `keterangan` varchar(255) DEFAULT NULL,
  `id_toko` int(11) DEFAULT NULL,
  `id_login` int(11) DEFAULT NULL,
  `created_at` datetime DEFAULT NULL,
  `updated_at` datetime DEFAULT NULL,
  PRIMARY KEY (`id_stok`),
  KEY `id_barang` (`id_barang`),
  CONSTRAINT `stok_ibfk_1` FOREIGN KEY (`id_barang`) REFERENCES `barang` (`id_barang`)
) ENGINE=InnoDB DEFAULT CHARSET=utf8;
DROP TABLE IF EXISTS `stok_opname`;
CREATE TABLE `stok_opname` (
  `id_stok_opname` int(11) unsigned NOT NULL AUTO_INCREMENT,
  `id_barang` int(11) unsigned NOT NULL DEFAULT 0,
  `stok` int(11) DEFAULT NULL,
  `stok_nyata` int(11) DEFAULT NULL,
  `selisih` varchar(255) DEFAULT NULL,
  `nilai` varchar(255) DEFAULT NULL,
  `keterangan` varchar(255) DEFAULT NULL,
  `id_toko` int(11) DEFAULT NULL,
  `id_login` int(11) DEFAULT NULL,
  `created_at` datetime DEFAULT NULL,
  `updated_at` datetime DEFAULT NULL,
  PRIMARY KEY (`id_stok_opname`),
  KEY `id_barang` (`id_barang`),
  CONSTRAINT `stok_opname_ibfk_1` FOREIGN KEY (`id_barang`) REFERENCES `barang` (`id_barang`)
) ENGINE=InnoDB DEFAULT CHARSET=utf8;
DROP TABLE IF EXISTS `toko`;
CREATE TABLE `toko` (
  `id_toko` int(11) NOT NULL AUTO_INCREMENT,
  `nama_toko` varchar(255) NOT NULL,
  `alamat_toko` text NOT NULL,
  `telp` varchar(255) NOT NULL,
  `email` varchar(255) DEFAULT NULL,
  `nama_pemilik` varchar(255) NOT NULL,
  `NIB` char(15) DEFAULT NULL,
  `PPN` char(10) DEFAULT '0',
  `include_ppn` int(11) NOT NULL DEFAULT 0,
  `kode_barang` varchar(255) DEFAULT NULL,
  `kode_jual` varchar(255) DEFAULT NULL,
  `kode_jual_tahun` int(11) DEFAULT 0,
  `kode_beli` varchar(255) DEFAULT NULL,
  `kode_kas` varchar(255) DEFAULT NULL,
  `kode_bank` varchar(255) DEFAULT NULL,
  `kode_pajak` varchar(255) DEFAULT NULL,
  `kode_biaya` varchar(255) DEFAULT NULL,
  `paper_size` char(10) DEFAULT '0',
  `footer_nota` varchar(255) DEFAULT NULL,
  `printer_usb` int(11) DEFAULT 0,
  `printer_bluetooth` int(11) DEFAULT 0,
  `scan_keranjang` int(11) DEFAULT 0,
  `id_bank_akun` int(11) NOT NULL DEFAULT 0,
  `jatuhtempo_hari_tanggal` int(11) NOT NULL DEFAULT 0,
  `jatuhtempo_keterangan` int(11) NOT NULL DEFAULT 0,
  `jatuhtempo_hari` int(11) NOT NULL DEFAULT 0,
  `jatuhtempo_tanggal` int(11) NOT NULL DEFAULT 0,
  `pembulatan` int(11) NOT NULL DEFAULT 0,
  `pembulatan_keatas` int(11) NOT NULL DEFAULT 0,
  `pembulatan_max` int(11) NOT NULL DEFAULT 0,
  `diskon_member` int(11) NOT NULL DEFAULT 0,
  `updated_at` datetime DEFAULT NULL,
  PRIMARY KEY (`id_toko`),
  KEY `id_bank_akun` (`id_bank_akun`),
  CONSTRAINT `toko_ibfk_1` FOREIGN KEY (`id_bank_akun`) REFERENCES `bank_akun` (`id_bank_akun`)
) ENGINE=InnoDB AUTO_INCREMENT=2 DEFAULT CHARSET=utf8 ROW_FORMAT=DYNAMIC;
INSERT INTO `toko` (`id_toko`,`nama_toko`,`alamat_toko`,`telp`,`email`,`nama_pemilik`,`NIB`,`PPN`,`include_ppn`,`kode_barang`,`kode_jual`,`kode_jual_tahun`,`kode_beli`,`kode_kas`,`kode_bank`,`kode_pajak`,`kode_biaya`,`paper_size`,`footer_nota`,`printer_usb`,`printer_bluetooth`,`scan_keranjang`,`id_bank_akun`,`jatuhtempo_hari_tanggal`,`jatuhtempo_keterangan`,`jatuhtempo_hari`,`jatuhtempo_tanggal`,`pembulatan`,`pembulatan_keatas`,`pembulatan_max`,`diskon_member`,`updated_at`) VALUES ('1','Skypool','Jl. Raya Kaca Kaca No.456, Cicalengka Wetan, Kec. Cicalengka, Kabupaten Bandung, Jawa Barat 40395','0895607091700','skypool12323@gmail.com','Ahmad firmansyah','666','0','0','BRG-','PJ/','1','PI/','KAS/','BANK/','PPN/','BYA/','58','Terima kasih sudah berbelanja, Barang yang sudah dibeli tidak dapat dikembalikan','1','1','1','2','0','1','3','20','0','1','100','10','2023-12-16 06:47:16');
SET FOREIGN_KEY_CHECKS=1;
